platform,keyword,tag_label,title,author,fans,date,digg,comment,share,collect,play,url
抖音,鳜鱼价格,鳜鱼,卖完了老公花198豆钓的鳜鱼 #鳜鱼 #卖鱼人 #卖鱼妹 #卖鳜鱼 #活饵鳜鱼,乘风鱼铺,"3,594",2026-10-04,11175,3983,3312,924,0,https://www.iesdouyin.com/share/video/7692722697658289408/?region=US&mid=7692722804285786934&u_code=0&did=MS4wLjABAAAAcgzMXrenqwW-2A-GqUxFnrEhiR9uU2HEzGu5JTFk8MV1Rh7m9Ah98DJFexERmATp&iid=MS4wLjABAAAA7jyI2R8CYjdUWe31VyxIjfN2oub0dQ0hODnXKRT4GyWGIZLdqg9lS6cK4GRS8XLq&with_sec_did=1&video_share_track_ver=&titleType=title&share_sign=WuXp3bXBNnd9hZAwL59T5H9krz.XQL.ApBYCNnCkCRo-&share_version=320900&ts=1791596767&from_aid=615883&from_ssr=1&share_track_info=%7B%22link_description_type%22%3A%22%22%7D
抖音,鳜鱼价格,鳜鱼,奇怪了，怎么买鳜鱼的都是老一辈的呢 #年轻人的摊位 #地摊经济搞起来 #实地摆摊 #鱼货爆网 #摆摊卖鱼人,乘风鱼铺,"3,594",2026-09-05,3950,3168,2395,286,0,https://www.iesdouyin.com/share/video/7681954992165965931/?region=US&mid=7681955075060747058&u_code=0&did=MS4wLjABAAAAcgzMXrenqwW-2A-GqUxFnrEhiR9uU2HEzGu5JTFk8MV1Rh7m9Ah98DJFexERmATp&iid=MS4wLjABAAAA7jyI2R8CYjdUWe31VyxIjfN2oub0dQ0hODnXKRT4GyWGIZLdqg9lS6cK4GRS8XLq&with_sec_did=1&video_share_track_ver=&titleType=title&share_sign=gAaFGq6hknB0gactkgtp3VRDGYT0jm2KUxJ9YL9xM4U-&share_version=320900&ts=1791596767&from_aid=615883&from_ssr=1&share_track_info=%7B%22link_description_type%22%3A%22%22%7D
抖音,鳜鱼价格,行情,身在加州馋家乡徽菜，翻开菜单瞬间心疼钱包 老远过来想，就想尝一口地道安徽安徽味，味道是正宗的，奈何物价实在太高，想吃顿家乡菜都得掂量掂量钱包，海外吃饭太难了,曹妈中美实拍日常,"3,188",2026-06-28,2781,202,139,221,0,https://www.iesdouyin.com/share/video/7656301450415154575/?region=US&mid=7656301338602588928&u_code=0&did=MS4wLjABAAAAcgzMXrenqwW-2A-GqUxFnrEhiR9uU2HEzGu5JTFk8MV1Rh7m9Ah98DJFexERmATp&iid=MS4wLjABAAAA7jyI2R8CYjdUWe31VyxIjfN2oub0dQ0hODnXKRT4GyWGIZLdqg9lS6cK4GRS8XLq&with_sec_did=1&video_share_track_ver=&titleType=title&share_sign=gtIu29PJbTGEHFmIhsoop3uqWVeVwtqL4O4V4MooX9A-&share_version=320900&ts=1791596767&from_aid=615883&from_ssr=1&share_track_info=%7B%22link_description_type%22%3A%22%22%7D
抖音,鳜鱼价格,鳜鱼,你敢相信吗？同一条鱼，在东北下馆子叫鳌花鱼，两三百一条，结果到了南方菜市场，改名叫鳜鱼，四五十块钱一斤，摊主还得扯着嗓子叫你买，生怕卖不出去?#科普 #生物科普 #鳜鱼,梦甜小荔枝,"19,226",2026-07-25,1107,857,107,258,0,https://www.iesdouyin.com/share/video/7666375676413811578/?region=US&mid=7666375677180332843&u_code=0&did=MS4wLjABAAAAcgzMXrenqwW-2A-GqUxFnrEhiR9uU2HEzGu5JTFk8MV1Rh7m9Ah98DJFexERmATp&iid=MS4wLjABAAAA7jyI2R8CYjdUWe31VyxIjfN2oub0dQ0hODnXKRT4GyWGIZLdqg9lS6cK4GRS8XLq&with_sec_did=1&video_share_track_ver=&titleType=title&share_sign=F0GYdxjlFVT_N4FTIYj2YdDe_LkAMSrfxc129cJlRAI-&share_version=320900&ts=1791596767&from_aid=615883&from_ssr=1&share_track_info=%7B%22link_description_type%22%3A%22%22%7D
抖音,鳜鱼价格,鳜鱼,在水香发现了一家宝藏小店，小鳜鱼汤出乎意料的好吃，食材新鲜手艺也不错，据说一到晚上位置就紧张#人间烟火最抚人心 #烟火气小店 #宝藏小店 #家常菜 #谢佩源的日常,谢佩源,"204,131",2026-08-23,959,92,730,303,0,https://www.iesdouyin.com/share/video/7677194995120773864/?region=US&mid=7677195023275592486&u_code=0&did=MS4wLjABAAAAcgzMXrenqwW-2A-GqUxFnrEhiR9uU2HEzGu5JTFk8MV1Rh7m9Ah98DJFexERmATp&iid=MS4wLjABAAAA7jyI2R8CYjdUWe31VyxIjfN2oub0dQ0hODnXKRT4GyWGIZLdqg9lS6cK4GRS8XLq&with_sec_did=1&video_share_track_ver=&titleType=title&share_sign=an4ZKhnWoURsmAHcKZ_SRR6hG5d1VaOOx7jCDJxtl44-&share_version=320900&ts=1791596767&from_aid=615883&from_ssr=1&share_track_info=%7B%22link_description_type%22%3A%22%22%7D
抖音,鳜鱼价格,行情,为什么现在蔬菜比肉都贵！ #烟火气的生活 #蔬菜价格 #梦白说苏 #苏州 #苏州话 @DOU+小助手 @DOU+上热门,梦白说苏,"112,453",2026-06-28,685,166,21,47,0,https://www.iesdouyin.com/share/video/7656392076968103537/?region=US&mid=7656392019769658166&u_code=0&did=MS4wLjABAAAAcgzMXrenqwW-2A-GqUxFnrEhiR9uU2HEzGu5JTFk8MV1Rh7m9Ah98DJFexERmATp&iid=MS4wLjABAAAA7jyI2R8CYjdUWe31VyxIjfN2oub0dQ0hODnXKRT4GyWGIZLdqg9lS6cK4GRS8XLq&with_sec_did=1&video_share_track_ver=&titleType=title&share_sign=t7o7kF.hXrMOKRTIGzYNCQrWQV4vSq.ss7heBMFgoTM-&share_version=320900&ts=1791596767&from_aid=615883&from_ssr=1&share_track_info=%7B%22link_description_type%22%3A%22%22%7D
抖音,鳜鱼价格,鳜鱼,#鳜鱼行情#鳜鱼养殖#鲈鱼鳜鱼黄颡鱼特种鱼养殖#鲈鱼养殖,渔满塘,"7,286",2026-07-31,296,9,10,40,0,https://www.iesdouyin.com/share/video/7668638759604724389/?region=US&mid=7668638678805564200&u_code=0&did=MS4wLjABAAAAcgzMXrenqwW-2A-GqUxFnrEhiR9uU2HEzGu5JTFk8MV1Rh7m9Ah98DJFexERmATp&iid=MS4wLjABAAAA7jyI2R8CYjdUWe31VyxIjfN2oub0dQ0hODnXKRT4GyWGIZLdqg9lS6cK4GRS8XLq&with_sec_did=1&video_share_track_ver=&titleType=title&share_sign=PzSFjWNuXqLwdjOibaNcGKegNFZtJcenfb5MPQVV3EU-&share_version=320900&ts=1791596767&from_aid=615883&from_ssr=1&share_track_info=%7B%22link_description_type%22%3A%22%22%7D
抖音,鲈鱼价格,行情,吃之前一肚子火！吃完就默默把气憋回去了,真探唐仁杰,"16,179,532",2026-06-28,118026,1272,8605,"5,807",0,https://www.iesdouyin.com/share/video/7656247782625398050/?region=US&mid=7656247881897691930&u_code=0&did=MS4wLjABAAAAoOlM9BlwHrOOZBNvGsg2JWmgxuEXOVbP760-F-BjYvo&iid=MS4wLjABAAAAhhlp9GA5fRBGk09ZoELBvDGq2AtyuCZu6FUoVAY13HY&with_sec_did=1&video_share_track_ver=&titleType=title&share_sign=xSkLpXg93W2v6i05PGqRiOJUNAEwM9ARh0ZWRTQPAfE-&share_version=320900&ts=1791596771&from_aid=615883&from_ssr=1&share_track_info=%7B%22link_description_type%22%3A%22%22%7D
抖音,鲈鱼价格,鲈鱼,鲈鱼生蚝豆腐煲，家常吃法惊艳味蕾！ 鱼肉弹嫩、蚝肉肥美！汤汁浓郁鲜美，鲜香不腻，家常随手做！#抖音美食推荐官 #好好吃饭 #家常硬菜 #生蚝的神仙吃法 #晚饭吃什么,一吃一大碗,"261,091",2026-05-25,92752,1383,76488,"89,129",0,https://www.iesdouyin.com/share/video/7643800190746496292/?region=US&mid=7643800259962456882&u_code=0&did=MS4wLjABAAAAoOlM9BlwHrOOZBNvGsg2JWmgxuEXOVbP760-F-BjYvo&iid=MS4wLjABAAAAhhlp9GA5fRBGk09ZoELBvDGq2AtyuCZu6FUoVAY13HY&with_sec_did=1&video_share_track_ver=&titleType=title&share_sign=uHekw5Xky_cwyobeJ4bkKu4CswejXSOdAJhTa0wFEis-&share_version=320900&ts=1791596771&from_aid=615883&from_ssr=1&share_track_info=%7B%22link_description_type%22%3A%22%22%7D
抖音,鲈鱼价格,鲈鱼,"家常菜，香菇鲈鱼煲～ 鱼肉焦香入味，香菇鲜香软嫩可好吃了！
#香菇鲈鱼煲 #砂锅菜 #简简单单家常菜 #舌尖上的抖音",平凡的菜,"394,143",2026-08-20,16318,240,8673,"22,208",0,https://www.iesdouyin.com/share/video/7676059496824786227/?region=US&mid=7676059500261575433&u_code=0&did=MS4wLjABAAAAoOlM9BlwHrOOZBNvGsg2JWmgxuEXOVbP760-F-BjYvo&iid=MS4wLjABAAAAhhlp9GA5fRBGk09ZoELBvDGq2AtyuCZu6FUoVAY13HY&with_sec_did=1&video_share_track_ver=&titleType=title&share_sign=Yt3x6skRpJdwSYwIoI7l7kU7D0jw3SLdlz3QkWM94PI-&share_version=320900&ts=1791596771&from_aid=615883&from_ssr=1&share_track_info=%7B%22link_description_type%22%3A%22%22%7D
抖音,鲈鱼价格,鲈鱼,"广东家常菜 | 紫苏鲈鱼煲！ 鱼肉紧实鲜嫩，配上紫苏鲜香翻倍！
#砂锅菜 #鲈鱼 #广东家常菜 #妈呀太香了",平凡的菜,"394,143",2026-07-20,15110,272,13747,"16,315",0,https://www.iesdouyin.com/share/video/7664540823509372179/?region=US&mid=7664540909786712886&u_code=0&did=MS4wLjABAAAAoOlM9BlwHrOOZBNvGsg2JWmgxuEXOVbP760-F-BjYvo&iid=MS4wLjABAAAAhhlp9GA5fRBGk09ZoELBvDGq2AtyuCZu6FUoVAY13HY&with_sec_did=1&video_share_track_ver=&titleType=title&share_sign=GlrTDI1tjceRfjw.SNUodVwI2Tj82ZcWQo96c6ExN3w-&share_version=320900&ts=1791596771&from_aid=615883&from_ssr=1&share_track_info=%7B%22link_description_type%22%3A%22%22%7D
抖音,鲈鱼价格,鲈鱼,中秋家宴硬菜！葱烧豆腐鲈鱼煲寓意年年有余 #中秋家宴 #中秋硬菜#鲈鱼煲 #豆腐煲,范范的菜,"285,193",2026-09-15,13285,216,8219,"19,443",0,https://www.iesdouyin.com/share/video/7685676919589514097/?region=US&mid=7685676917730708270&u_code=0&did=MS4wLjABAAAAoOlM9BlwHrOOZBNvGsg2JWmgxuEXOVbP760-F-BjYvo&iid=MS4wLjABAAAAhhlp9GA5fRBGk09ZoELBvDGq2AtyuCZu6FUoVAY13HY&with_sec_did=1&video_share_track_ver=&titleType=title&share_sign=eiSBS51gDw6fi5CnuTihFwgXqot_q_tWhJdHNT64AZo-&share_version=320900&ts=1791596771&from_aid=615883&from_ssr=1&share_track_info=%7B%22link_description_type%22%3A%22%22%7D
抖音,鲈鱼价格,鲈鱼,几十块差价的海鲈骗局！别再被 “野生” 两个字收割了。#科普 #生物科普 #鲈鱼 #海鲈鱼,好奇小凌,"8,086",2026-10-05,2081,1220,1676,350,0,https://www.iesdouyin.com/share/video/7693085603915694949/?region=US&mid=7693085580322523947&u_code=0&did=MS4wLjABAAAAoOlM9BlwHrOOZBNvGsg2JWmgxuEXOVbP760-F-BjYvo&iid=MS4wLjABAAAAhhlp9GA5fRBGk09ZoELBvDGq2AtyuCZu6FUoVAY13HY&with_sec_did=1&video_share_track_ver=&titleType=title&share_sign=MNB0XuilEzsmyAevgUUZ923O1DifgvwKqQQwB3xkwIo-&share_version=320900&ts=1791596771&from_aid=615883&from_ssr=1&share_track_info=%7B%22link_description_type%22%3A%22%22%7D
抖音,鲈鱼价格,鲈鱼,5000斤鲈鱼200人钓，没想到… #路亚黑坑 #路亚鲈鱼,坨子玩路亚🐠,"15,972",2026-09-11,312,69,55,20,0,https://www.iesdouyin.com/share/video/7683903862041857299/?region=US&mid=7683903956409453354&u_code=0&did=MS4wLjABAAAAoOlM9BlwHrOOZBNvGsg2JWmgxuEXOVbP760-F-BjYvo&iid=MS4wLjABAAAAhhlp9GA5fRBGk09ZoELBvDGq2AtyuCZu6FUoVAY13HY&with_sec_did=1&video_share_track_ver=&titleType=title&share_sign=C9uaw0uN_rSvcDzR9SgmHeIRoGdSyZ17Xq3FjLpUNJI-&share_version=320900&ts=1791596771&from_aid=615883&from_ssr=1&share_track_info=%7B%22link_description_type%22%3A%22%22%7D
