品种,品种编码,日期,市场,批发价_元公斤,是否江苏周边
活鳜鱼,AM01013003,2026-07-22,江苏凌家塘市场发展有限公司,84,True
活鳜鱼,AM01013003,2026-07-22,江西九江琵琶湖农产品物流有限公司,58,False
活鳜鱼,AM01013003,2026-07-22,乌鲁木齐北园春果业经营管理有限责任公司,120,False
淡水鲈鱼,AM01009,2026-07-22,长治市紫坊农产品综合交易市场有限公司,33,False
淡水鲈鱼,AM01009,2026-07-22,马鞍山市安民农副产品贸易有限公司,22,True
淡水鲈鱼,AM01009,2026-07-22,云南华潮实业有限公司,30,False
鲈鱼(海水),AM02005,2026-07-22,宁夏四季鲜农产品综合批发市场,40,False
鲈鱼(海水),AM02005,2026-07-22,龙门实业（集团）有限公司西三街农副水产品市场,44,False
鲈鱼(海水),AM02005,2026-07-22,北京朝阳区大洋路综合市场,31,False
鲈鱼(海水),AM02005,2026-07-22,青岛市城阳蔬菜水产品批发市场有限公司,44,False
鲈鱼(海水),AM02005,2026-07-22,山东滨州(六街）鲁北蔬菜批发市场,26,False
鲈鱼(海水),AM02005,2026-07-22,山东威海水产品批发市场,40,False
鲈鱼(海水),AM02005,2026-07-22,安徽合肥周谷堆农产品批发市场,22.5,True
鲈鱼(海水),AM02005,2026-07-22,江苏凌家塘市场发展有限公司,27,True
鲈鱼(海水),AM02005,2026-07-22,江苏苏州南环桥农副产品批发市场,23.5,True
鲈鱼(海水),AM02005,2026-07-22,河南万邦国际农产品物流股份有限公司,33,False
鲈鱼(海水),AM02005,2026-07-22,甘肃酒泉春光农产品市场有限责任公司,60,False
活鳜鱼,AM01013003,2026-07-27,江苏凌家塘市场发展有限公司,78,True
活鳜鱼,AM01013003,2026-07-27,江西九江琵琶湖农产品物流有限公司,56,False
活鳜鱼,AM01013003,2026-07-27,乌鲁木齐北园春果业经营管理有限责任公司,120,False
淡水鲈鱼,AM01009,2026-07-27,长治市紫坊农产品综合交易市场有限公司,33,False
淡水鲈鱼,AM01009,2026-07-27,马鞍山市安民农副产品贸易有限公司,20,True
淡水鲈鱼,AM01009,2026-07-27,云南华潮实业有限公司,32,False
鲈鱼(海水),AM02005,2026-07-27,龙门实业（集团）有限公司西三街农副水产品市场,45,False
鲈鱼(海水),AM02005,2026-07-27,北京朝阳区大洋路综合市场,31.1,False
鲈鱼(海水),AM02005,2026-07-27,青岛市城阳蔬菜水产品批发市场有限公司,50,False
鲈鱼(海水),AM02005,2026-07-27,山东滨州(六街）鲁北蔬菜批发市场,26,False
鲈鱼(海水),AM02005,2026-07-27,山东威海水产品批发市场,40,False
鲈鱼(海水),AM02005,2026-07-27,安徽合肥周谷堆农产品批发市场,22.5,True
鲈鱼(海水),AM02005,2026-07-27,江苏凌家塘市场发展有限公司,27,True
鲈鱼(海水),AM02005,2026-07-27,江苏苏州南环桥农副产品批发市场,23.5,True
鲈鱼(海水),AM02005,2026-07-27,河南万邦国际农产品物流股份有限公司,33,False
鲈鱼(海水),AM02005,2026-07-27,甘肃酒泉春光农产品市场有限责任公司,60,False
淡水鲈鱼,AM01009,2026-07-28,长治市紫坊农产品综合交易市场有限公司,33,False
淡水鲈鱼,AM01009,2026-07-28,马鞍山市安民农副产品贸易有限公司,20,True
鲈鱼(海水),AM02005,2026-07-28,龙门实业（集团）有限公司西三街农副水产品市场,45,False
鲈鱼(海水),AM02005,2026-07-28,青岛市城阳蔬菜水产品批发市场有限公司,50,False
鲈鱼(海水),AM02005,2026-07-28,山东威海水产品批发市场,40,False
鲈鱼(海水),AM02005,2026-07-28,河南万邦国际农产品物流股份有限公司,31,False
活鳜鱼,AM01013003,2026-07-30,江苏凌家塘市场发展有限公司,96,True
活鳜鱼,AM01013003,2026-07-30,江西九江琵琶湖农产品物流有限公司,56,False
活鳜鱼,AM01013003,2026-07-30,乌鲁木齐北园春果业经营管理有限责任公司,120,False
淡水鲈鱼,AM01009,2026-07-30,长治市紫坊农产品综合交易市场有限公司,33,False
淡水鲈鱼,AM01009,2026-07-30,马鞍山市安民农副产品贸易有限公司,22,True
淡水鲈鱼,AM01009,2026-07-30,云南华潮实业有限公司,35,False
鲈鱼(海水),AM02005,2026-07-30,龙门实业（集团）有限公司西三街农副水产品市场,45,False
鲈鱼(海水),AM02005,2026-07-30,北京朝阳区大洋路综合市场,30.5,False
鲈鱼(海水),AM02005,2026-07-30,青岛市城阳蔬菜水产品批发市场有限公司,50,False
鲈鱼(海水),AM02005,2026-07-30,山东滨州(六街）鲁北蔬菜批发市场,26,False
鲈鱼(海水),AM02005,2026-07-30,山东威海水产品批发市场,40,False
鲈鱼(海水),AM02005,2026-07-30,江苏凌家塘市场发展有限公司,27,True
鲈鱼(海水),AM02005,2026-07-30,江苏苏州南环桥农副产品批发市场,23.5,True
鲈鱼(海水),AM02005,2026-07-30,河南万邦国际农产品物流股份有限公司,31,False
活鳜鱼,AM01013003,2026-08-13,江苏凌家塘市场发展有限公司,86,True
活鳜鱼,AM01013003,2026-08-13,江西九江琵琶湖农产品物流有限公司,60,False
活鳜鱼,AM01013003,2026-08-13,乌鲁木齐北园春果业经营管理有限责任公司,120,False
淡水鲈鱼,AM01009,2026-08-13,长治市紫坊农产品综合交易市场有限公司,33,False
淡水鲈鱼,AM01009,2026-08-13,马鞍山市安民农副产品贸易有限公司,22,True
淡水鲈鱼,AM01009,2026-08-13,云南华潮实业有限公司,33,False
鲈鱼(海水),AM02005,2026-08-13,宁夏四季鲜农产品综合批发市场,38,False
鲈鱼(海水),AM02005,2026-08-13,龙门实业（集团）有限公司西三街农副水产品市场,40,False
鲈鱼(海水),AM02005,2026-08-13,北京朝阳区大洋路综合市场,32,False
鲈鱼(海水),AM02005,2026-08-13,青岛市城阳蔬菜水产品批发市场有限公司,44,False
鲈鱼(海水),AM02005,2026-08-13,山东滨州(六街）鲁北蔬菜批发市场,25,False
鲈鱼(海水),AM02005,2026-08-13,山东威海水产品批发市场,40,False
鲈鱼(海水),AM02005,2026-08-13,安徽合肥周谷堆农产品批发市场,22.5,True
鲈鱼(海水),AM02005,2026-08-13,江苏凌家塘市场发展有限公司,27,True
鲈鱼(海水),AM02005,2026-08-13,江苏苏州南环桥农副产品批发市场,23.5,True
鲈鱼(海水),AM02005,2026-08-13,河南万邦国际农产品物流股份有限公司,29,False
鲈鱼(海水),AM02005,2026-08-13,甘肃酒泉春光农产品市场有限责任公司,59,False
活鳜鱼,AM01013003,2026-08-18,江苏凌家塘市场发展有限公司,78,True
活鳜鱼,AM01013003,2026-08-18,江西九江琵琶湖农产品物流有限公司,62,False
活鳜鱼,AM01013003,2026-08-18,乌鲁木齐北园春果业经营管理有限责任公司,120,False
淡水鲈鱼,AM01009,2026-08-18,长治市紫坊农产品综合交易市场有限公司,33,False
淡水鲈鱼,AM01009,2026-08-18,马鞍山市安民农副产品贸易有限公司,20,True
淡水鲈鱼,AM01009,2026-08-18,云南华潮实业有限公司,35,False
鲈鱼(海水),AM02005,2026-08-18,宁夏四季鲜农产品综合批发市场,38,False
鲈鱼(海水),AM02005,2026-08-18,龙门实业（集团）有限公司西三街农副水产品市场,40,False
鲈鱼(海水),AM02005,2026-08-18,北京朝阳区大洋路综合市场,31,False
鲈鱼(海水),AM02005,2026-08-18,青岛市城阳蔬菜水产品批发市场有限公司,36,False
鲈鱼(海水),AM02005,2026-08-18,山东滨州(六街）鲁北蔬菜批发市场,26,False
鲈鱼(海水),AM02005,2026-08-18,山东威海水产品批发市场,40,False
鲈鱼(海水),AM02005,2026-08-18,安徽合肥周谷堆农产品批发市场,22.5,True
鲈鱼(海水),AM02005,2026-08-18,江苏凌家塘市场发展有限公司,27,True
鲈鱼(海水),AM02005,2026-08-18,江苏苏州南环桥农副产品批发市场,23.5,True
鲈鱼(海水),AM02005,2026-08-18,河南万邦国际农产品物流股份有限公司,29,False
鲈鱼(海水),AM02005,2026-08-18,甘肃酒泉春光农产品市场有限责任公司,59,False
淡水鲈鱼,AM01009,2026-08-28,长治市紫坊农产品综合交易市场有限公司,31,False
淡水鲈鱼,AM01009,2026-08-28,马鞍山市安民农副产品贸易有限公司,21,True
鲈鱼(海水),AM02005,2026-08-28,龙门实业（集团）有限公司西三街农副水产品市场,43,False
鲈鱼(海水),AM02005,2026-08-28,北京朝阳区大洋路综合市场,31,False
鲈鱼(海水),AM02005,2026-08-28,青岛市城阳蔬菜水产品批发市场有限公司,36,False
鲈鱼(海水),AM02005,2026-08-28,山东威海水产品批发市场,40,False
鲈鱼(海水),AM02005,2026-08-28,江苏苏州南环桥农副产品批发市场,23.5,True
鲈鱼(海水),AM02005,2026-08-28,河南万邦国际农产品物流股份有限公司,29,False
淡水鲈鱼,AM01009,2026-08-31,长治市紫坊农产品综合交易市场有限公司,31,False
鲈鱼(海水),AM02005,2026-08-31,龙门实业（集团）有限公司西三街农副水产品市场,40,False
鲈鱼(海水),AM02005,2026-08-31,北京朝阳区大洋路综合市场,30,False
鲈鱼(海水),AM02005,2026-08-31,青岛市城阳蔬菜水产品批发市场有限公司,60,False
鲈鱼(海水),AM02005,2026-08-31,山东威海水产品批发市场,40,False
鲈鱼(海水),AM02005,2026-08-31,河南万邦国际农产品物流股份有限公司,29,False
淡水鲈鱼,AM01009,2026-09-10,长治市紫坊农产品综合交易市场有限公司,29,False
淡水鲈鱼,AM01009,2026-09-10,马鞍山市安民农副产品贸易有限公司,22,True
鲈鱼(海水),AM02005,2026-09-10,龙门实业（集团）有限公司西三街农副水产品市场,42,False
鲈鱼(海水),AM02005,2026-09-10,北京朝阳区大洋路综合市场,32,False
鲈鱼(海水),AM02005,2026-09-10,青岛市城阳蔬菜水产品批发市场有限公司,50,False
鲈鱼(海水),AM02005,2026-09-10,山东滨州(六街）鲁北蔬菜批发市场,32,False
鲈鱼(海水),AM02005,2026-09-10,山东威海水产品批发市场,40,False
鲈鱼(海水),AM02005,2026-09-10,江苏苏州南环桥农副产品批发市场,23.5,True
鲈鱼(海水),AM02005,2026-09-10,河南万邦国际农产品物流股份有限公司,29,False
淡水鲈鱼,AM01009,2026-09-11,马鞍山市安民农副产品贸易有限公司,22,True
淡水鲈鱼,AM01009,2026-09-11,云南华潮实业有限公司,35,False
鲈鱼(海水),AM02005,2026-09-11,龙门实业（集团）有限公司西三街农副水产品市场,42,False
鲈鱼(海水),AM02005,2026-09-11,北京朝阳区大洋路综合市场,32,False
鲈鱼(海水),AM02005,2026-09-11,青岛市城阳蔬菜水产品批发市场有限公司,50,False
鲈鱼(海水),AM02005,2026-09-11,山东威海水产品批发市场,40,False
鲈鱼(海水),AM02005,2026-09-11,江苏苏州南环桥农副产品批发市场,23.5,True
鲈鱼(海水),AM02005,2026-09-11,河南万邦国际农产品物流股份有限公司,29,False
活鳜鱼,AM01013003,2026-09-12,江苏凌家塘市场发展有限公司,92,True
活鳜鱼,AM01013003,2026-09-12,乌鲁木齐北园春果业经营管理有限责任公司,145,False
淡水鲈鱼,AM01009,2026-09-12,长治市紫坊农产品综合交易市场有限公司,29,False
淡水鲈鱼,AM01009,2026-09-12,云南华潮实业有限公司,35,False
鲈鱼(海水),AM02005,2026-09-12,龙门实业（集团）有限公司西三街农副水产品市场,42,False
鲈鱼(海水),AM02005,2026-09-12,北京朝阳区大洋路综合市场,32,False
鲈鱼(海水),AM02005,2026-09-12,青岛市城阳蔬菜水产品批发市场有限公司,50,False
鲈鱼(海水),AM02005,2026-09-12,山东威海水产品批发市场,40,False
鲈鱼(海水),AM02005,2026-09-12,江苏凌家塘市场发展有限公司,27,True
鲈鱼(海水),AM02005,2026-09-12,江苏苏州南环桥农副产品批发市场,23.5,True
鲈鱼(海水),AM02005,2026-09-12,河南万邦国际农产品物流股份有限公司,29,False
淡水鲈鱼,AM01009,2026-09-13,长治市紫坊农产品综合交易市场有限公司,29,False
淡水鲈鱼,AM01009,2026-09-13,马鞍山市安民农副产品贸易有限公司,22,True
鲈鱼(海水),AM02005,2026-09-13,龙门实业（集团）有限公司西三街农副水产品市场,42,False
鲈鱼(海水),AM02005,2026-09-13,北京朝阳区大洋路综合市场,31,False
鲈鱼(海水),AM02005,2026-09-13,青岛市城阳蔬菜水产品批发市场有限公司,50,False
鲈鱼(海水),AM02005,2026-09-13,山东滨州(六街）鲁北蔬菜批发市场,32,False
鲈鱼(海水),AM02005,2026-09-13,山东威海水产品批发市场,40,False
鲈鱼(海水),AM02005,2026-09-13,安徽合肥周谷堆农产品批发市场,22,True
鲈鱼(海水),AM02005,2026-09-13,江苏苏州南环桥农副产品批发市场,23.5,True
鲈鱼(海水),AM02005,2026-09-13,河南万邦国际农产品物流股份有限公司,29,False
淡水鲈鱼,AM01009,2026-09-14,长治市紫坊农产品综合交易市场有限公司,29,False
鲈鱼(海水),AM02005,2026-09-14,龙门实业（集团）有限公司西三街农副水产品市场,38,False
鲈鱼(海水),AM02005,2026-09-14,北京朝阳区大洋路综合市场,31,False
鲈鱼(海水),AM02005,2026-09-14,青岛市城阳蔬菜水产品批发市场有限公司,50,False
鲈鱼(海水),AM02005,2026-09-14,山东威海水产品批发市场,40,False
鲈鱼(海水),AM02005,2026-09-14,江苏苏州南环桥农副产品批发市场,23.5,True
鲈鱼(海水),AM02005,2026-09-14,河南万邦国际农产品物流股份有限公司,31,False
淡水鲈鱼,AM01009,2026-09-15,长治市紫坊农产品综合交易市场有限公司,29,False
淡水鲈鱼,AM01009,2026-09-15,马鞍山市安民农副产品贸易有限公司,22,True
淡水鲈鱼,AM01009,2026-09-15,云南华潮实业有限公司,33,False
鲈鱼(海水),AM02005,2026-09-15,龙门实业（集团）有限公司西三街农副水产品市场,38,False
鲈鱼(海水),AM02005,2026-09-15,北京朝阳区大洋路综合市场,31,False
鲈鱼(海水),AM02005,2026-09-15,青岛市城阳蔬菜水产品批发市场有限公司,50,False
鲈鱼(海水),AM02005,2026-09-15,山东威海水产品批发市场,40,False
鲈鱼(海水),AM02005,2026-09-15,江苏苏州南环桥农副产品批发市场,23.5,True
鲈鱼(海水),AM02005,2026-09-15,河南万邦国际农产品物流股份有限公司,31,False
活鳜鱼,AM01013003,2026-09-16,江西九江琵琶湖农产品物流有限公司,58,False
淡水鲈鱼,AM01009,2026-09-16,长治市紫坊农产品综合交易市场有限公司,29,False
淡水鲈鱼,AM01009,2026-09-16,马鞍山市安民农副产品贸易有限公司,22,True
鲈鱼(海水),AM02005,2026-09-16,北京朝阳区大洋路综合市场,31,False
鲈鱼(海水),AM02005,2026-09-16,青岛市城阳蔬菜水产品批发市场有限公司,50,False
鲈鱼(海水),AM02005,2026-09-16,山东威海水产品批发市场,40,False
鲈鱼(海水),AM02005,2026-09-16,江苏苏州南环桥农副产品批发市场,23.5,True
鲈鱼(海水),AM02005,2026-09-16,河南万邦国际农产品物流股份有限公司,31,False
淡水鲈鱼,AM01009,2026-09-17,长治市紫坊农产品综合交易市场有限公司,29,False
淡水鲈鱼,AM01009,2026-09-17,马鞍山市安民农副产品贸易有限公司,20,True
鲈鱼(海水),AM02005,2026-09-17,龙门实业（集团）有限公司西三街农副水产品市场,38,False
鲈鱼(海水),AM02005,2026-09-17,北京朝阳区大洋路综合市场,31,False
鲈鱼(海水),AM02005,2026-09-17,青岛市城阳蔬菜水产品批发市场有限公司,50,False
鲈鱼(海水),AM02005,2026-09-17,山东滨州(六街）鲁北蔬菜批发市场,32,False
鲈鱼(海水),AM02005,2026-09-17,山东威海水产品批发市场,40,False
鲈鱼(海水),AM02005,2026-09-17,江苏苏州南环桥农副产品批发市场,23.5,True
鲈鱼(海水),AM02005,2026-09-17,河南万邦国际农产品物流股份有限公司,31,False
淡水鲈鱼,AM01009,2026-09-18,长治市紫坊农产品综合交易市场有限公司,29,False
淡水鲈鱼,AM01009,2026-09-18,马鞍山市安民农副产品贸易有限公司,20,True
鲈鱼(海水),AM02005,2026-09-18,龙门实业（集团）有限公司西三街农副水产品市场,40,False
鲈鱼(海水),AM02005,2026-09-18,北京朝阳区大洋路综合市场,30,False
鲈鱼(海水),AM02005,2026-09-18,青岛市城阳蔬菜水产品批发市场有限公司,50,False
鲈鱼(海水),AM02005,2026-09-18,山东威海水产品批发市场,40,False
鲈鱼(海水),AM02005,2026-09-18,江苏苏州南环桥农副产品批发市场,23.5,True
鲈鱼(海水),AM02005,2026-09-18,河南万邦国际农产品物流股份有限公司,29,False
活鳜鱼,AM01013003,2026-09-20,江西九江琵琶湖农产品物流有限公司,58,False
淡水鲈鱼,AM01009,2026-09-20,长治市紫坊农产品综合交易市场有限公司,29,False
淡水鲈鱼,AM01009,2026-09-20,云南华潮实业有限公司,33,False
鲈鱼(海水),AM02005,2026-09-20,龙门实业（集团）有限公司西三街农副水产品市场,40,False
鲈鱼(海水),AM02005,2026-09-20,北京朝阳区大洋路综合市场,30,False
鲈鱼(海水),AM02005,2026-09-20,青岛市城阳蔬菜水产品批发市场有限公司,50,False
鲈鱼(海水),AM02005,2026-09-20,山东威海水产品批发市场,46,False
鲈鱼(海水),AM02005,2026-09-20,江苏苏州南环桥农副产品批发市场,23.5,True
鲈鱼(海水),AM02005,2026-09-20,河南万邦国际农产品物流股份有限公司,29,False
活鳜鱼,AM01013003,2026-09-21,江西九江琵琶湖农产品物流有限公司,60,False
淡水鲈鱼,AM01009,2026-09-21,长治市紫坊农产品综合交易市场有限公司,29,False
淡水鲈鱼,AM01009,2026-09-21,马鞍山市安民农副产品贸易有限公司,20,True
鲈鱼(海水),AM02005,2026-09-21,龙门实业（集团）有限公司西三街农副水产品市场,42,False
鲈鱼(海水),AM02005,2026-09-21,北京朝阳区大洋路综合市场,30,False
鲈鱼(海水),AM02005,2026-09-21,青岛市城阳蔬菜水产品批发市场有限公司,56,False
鲈鱼(海水),AM02005,2026-09-21,山东威海水产品批发市场,46,False
鲈鱼(海水),AM02005,2026-09-21,江苏苏州南环桥农副产品批发市场,23.5,True
鲈鱼(海水),AM02005,2026-09-21,河南万邦国际农产品物流股份有限公司,29,False
淡水鲈鱼,AM01009,2026-09-23,长治市紫坊农产品综合交易市场有限公司,31,False
淡水鲈鱼,AM01009,2026-09-23,马鞍山市安民农副产品贸易有限公司,22,True
淡水鲈鱼,AM01009,2026-09-23,云南华潮实业有限公司,35,False
鲈鱼(海水),AM02005,2026-09-23,龙门实业（集团）有限公司西三街农副水产品市场,40,False
鲈鱼(海水),AM02005,2026-09-23,北京朝阳区大洋路综合市场,31,False
鲈鱼(海水),AM02005,2026-09-23,青岛市城阳蔬菜水产品批发市场有限公司,56,False
鲈鱼(海水),AM02005,2026-09-23,山东威海水产品批发市场,46,False
鲈鱼(海水),AM02005,2026-09-23,江苏苏州南环桥农副产品批发市场,23.5,True
鲈鱼(海水),AM02005,2026-09-23,河南万邦国际农产品物流股份有限公司,29,False
活鳜鱼,AM01013003,2026-09-24,江西九江琵琶湖农产品物流有限公司,60,False
淡水鲈鱼,AM01009,2026-09-24,长治市紫坊农产品综合交易市场有限公司,31,False
淡水鲈鱼,AM01009,2026-09-24,马鞍山市安民农副产品贸易有限公司,22,True
鲈鱼(海水),AM02005,2026-09-24,龙门实业（集团）有限公司西三街农副水产品市场,44,False
鲈鱼(海水),AM02005,2026-09-24,北京朝阳区大洋路综合市场,31,False
鲈鱼(海水),AM02005,2026-09-24,青岛市城阳蔬菜水产品批发市场有限公司,56,False
鲈鱼(海水),AM02005,2026-09-24,山东威海水产品批发市场,46,False
鲈鱼(海水),AM02005,2026-09-24,江苏苏州南环桥农副产品批发市场,23.5,True
鲈鱼(海水),AM02005,2026-09-24,河南万邦国际农产品物流股份有限公司,27,False
活鳜鱼,AM01013003,2026-09-25,江西九江琵琶湖农产品物流有限公司,60,False
淡水鲈鱼,AM01009,2026-09-25,长治市紫坊农产品综合交易市场有限公司,33,False
淡水鲈鱼,AM01009,2026-09-25,马鞍山市安民农副产品贸易有限公司,22,True
淡水鲈鱼,AM01009,2026-09-25,云南华潮实业有限公司,36,False
鲈鱼(海水),AM02005,2026-09-25,龙门实业（集团）有限公司西三街农副水产品市场,45,False
鲈鱼(海水),AM02005,2026-09-25,北京朝阳区大洋路综合市场,31,False
鲈鱼(海水),AM02005,2026-09-25,青岛市城阳蔬菜水产品批发市场有限公司,56,False
鲈鱼(海水),AM02005,2026-09-25,山东滨州(六街）鲁北蔬菜批发市场,34,False
鲈鱼(海水),AM02005,2026-09-25,山东威海水产品批发市场,46,False
鲈鱼(海水),AM02005,2026-09-25,安徽合肥周谷堆农产品批发市场,21.5,True
鲈鱼(海水),AM02005,2026-09-25,江苏苏州南环桥农副产品批发市场,23.5,True
鲈鱼(海水),AM02005,2026-09-25,河南万邦国际农产品物流股份有限公司,27,False
活鳜鱼,AM01013003,2026-09-26,江苏凌家塘市场发展有限公司,76,True
活鳜鱼,AM01013003,2026-09-26,江西九江琵琶湖农产品物流有限公司,60,False
淡水鲈鱼,AM01009,2026-09-26,长治市紫坊农产品综合交易市场有限公司,33,False
淡水鲈鱼,AM01009,2026-09-26,马鞍山市安民农副产品贸易有限公司,22,True
鲈鱼(海水),AM02005,2026-09-26,龙门实业（集团）有限公司西三街农副水产品市场,45,False
鲈鱼(海水),AM02005,2026-09-26,北京朝阳区大洋路综合市场,31,False
鲈鱼(海水),AM02005,2026-09-26,青岛市城阳蔬菜水产品批发市场有限公司,56,False
鲈鱼(海水),AM02005,2026-09-26,山东滨州(六街）鲁北蔬菜批发市场,34,False
鲈鱼(海水),AM02005,2026-09-26,山东威海水产品批发市场,46,False
鲈鱼(海水),AM02005,2026-09-26,安徽合肥周谷堆农产品批发市场,21.5,True
鲈鱼(海水),AM02005,2026-09-26,江苏凌家塘市场发展有限公司,28,True
鲈鱼(海水),AM02005,2026-09-26,江苏苏州南环桥农副产品批发市场,23.5,True
鲈鱼(海水),AM02005,2026-09-26,河南万邦国际农产品物流股份有限公司,27,False
淡水鲈鱼,AM01009,2026-09-27,长治市紫坊农产品综合交易市场有限公司,33,False
淡水鲈鱼,AM01009,2026-09-27,云南华潮实业有限公司,36,False
鲈鱼(海水),AM02005,2026-09-27,龙门实业（集团）有限公司西三街农副水产品市场,45,False
鲈鱼(海水),AM02005,2026-09-27,北京朝阳区大洋路综合市场,31,False
鲈鱼(海水),AM02005,2026-09-27,北京朝阳区大洋路综合市场,31,False
鲈鱼(海水),AM02005,2026-09-27,青岛市城阳蔬菜水产品批发市场有限公司,56,False
鲈鱼(海水),AM02005,2026-09-27,山东威海水产品批发市场,46,False
鲈鱼(海水),AM02005,2026-09-27,江苏苏州南环桥农副产品批发市场,23.5,True
鲈鱼(海水),AM02005,2026-09-27,河南万邦国际农产品物流股份有限公司,27,False
活鳜鱼,AM01013003,2026-09-28,江西九江琵琶湖农产品物流有限公司,62,False
淡水鲈鱼,AM01009,2026-09-28,长治市紫坊农产品综合交易市场有限公司,29,False
淡水鲈鱼,AM01009,2026-09-28,马鞍山市安民农副产品贸易有限公司,20,True
鲈鱼(海水),AM02005,2026-09-28,龙门实业（集团）有限公司西三街农副水产品市场,42,False
鲈鱼(海水),AM02005,2026-09-28,北京朝阳区大洋路综合市场,31.5,False
鲈鱼(海水),AM02005,2026-09-28,青岛市城阳蔬菜水产品批发市场有限公司,64,False
鲈鱼(海水),AM02005,2026-09-28,山东威海水产品批发市场,46,False
鲈鱼(海水),AM02005,2026-09-28,江苏苏州南环桥农副产品批发市场,23.5,True
鲈鱼(海水),AM02005,2026-09-28,河南万邦国际农产品物流股份有限公司,27,False
淡水鲈鱼,AM01009,2026-09-29,长治市紫坊农产品综合交易市场有限公司,29,False
淡水鲈鱼,AM01009,2026-09-29,马鞍山市安民农副产品贸易有限公司,20,True
鲈鱼(海水),AM02005,2026-09-29,龙门实业（集团）有限公司西三街农副水产品市场,40,False
鲈鱼(海水),AM02005,2026-09-29,北京朝阳区大洋路综合市场,31.5,False
鲈鱼(海水),AM02005,2026-09-29,青岛市城阳蔬菜水产品批发市场有限公司,64,False
鲈鱼(海水),AM02005,2026-09-29,山东威海水产品批发市场,46,False
鲈鱼(海水),AM02005,2026-09-29,江苏苏州南环桥农副产品批发市场,23.5,True
鲈鱼(海水),AM02005,2026-09-29,河南万邦国际农产品物流股份有限公司,27,False
活鳜鱼,AM01013003,2026-09-30,江西九江琵琶湖农产品物流有限公司,62,False
淡水鲈鱼,AM01009,2026-09-30,长治市紫坊农产品综合交易市场有限公司,29,False
淡水鲈鱼,AM01009,2026-09-30,马鞍山市安民农副产品贸易有限公司,20,True
淡水鲈鱼,AM01009,2026-09-30,云南华潮实业有限公司,38,False
鲈鱼(海水),AM02005,2026-09-30,龙门实业（集团）有限公司西三街农副水产品市场,42,False
鲈鱼(海水),AM02005,2026-09-30,北京朝阳区大洋路综合市场,31.5,False
鲈鱼(海水),AM02005,2026-09-30,青岛市城阳蔬菜水产品批发市场有限公司,64,False
鲈鱼(海水),AM02005,2026-09-30,山东威海水产品批发市场,46,False
鲈鱼(海水),AM02005,2026-09-30,江苏苏州南环桥农副产品批发市场,23.5,True
鲈鱼(海水),AM02005,2026-09-30,河南万邦国际农产品物流股份有限公司,27,False
活鳜鱼,AM01013003,2026-10-01,江苏凌家塘市场发展有限公司,76,True
淡水鲈鱼,AM01009,2026-10-01,长治市紫坊农产品综合交易市场有限公司,29,False
鲈鱼(海水),AM02005,2026-10-01,龙门实业（集团）有限公司西三街农副水产品市场,42,False
鲈鱼(海水),AM02005,2026-10-01,青岛市城阳蔬菜水产品批发市场有限公司,64,False
鲈鱼(海水),AM02005,2026-10-01,山东威海水产品批发市场,46,False
鲈鱼(海水),AM02005,2026-10-01,安徽合肥周谷堆农产品批发市场,29,True
鲈鱼(海水),AM02005,2026-10-01,江苏凌家塘市场发展有限公司,28,True
鲈鱼(海水),AM02005,2026-10-01,河南万邦国际农产品物流股份有限公司,27,False
活鳜鱼,AM01013003,2026-10-02,乌鲁木齐北园春果业经营管理有限责任公司,145,False
淡水鲈鱼,AM01009,2026-10-02,长治市紫坊农产品综合交易市场有限公司,29,False
淡水鲈鱼,AM01009,2026-10-02,云南华潮实业有限公司,38,False
鲈鱼(海水),AM02005,2026-10-02,龙门实业（集团）有限公司西三街农副水产品市场,42,False
鲈鱼(海水),AM02005,2026-10-02,青岛市城阳蔬菜水产品批发市场有限公司,64,False
鲈鱼(海水),AM02005,2026-10-02,山东威海水产品批发市场,46,False
鲈鱼(海水),AM02005,2026-10-02,安徽合肥周谷堆农产品批发市场,30,True
鲈鱼(海水),AM02005,2026-10-02,河南万邦国际农产品物流股份有限公司,27,False
淡水鲈鱼,AM01009,2026-10-03,长治市紫坊农产品综合交易市场有限公司,29,False
淡水鲈鱼,AM01009,2026-10-03,云南华潮实业有限公司,38,False
鲈鱼(海水),AM02005,2026-10-03,龙门实业（集团）有限公司西三街农副水产品市场,42,False
鲈鱼(海水),AM02005,2026-10-03,青岛市城阳蔬菜水产品批发市场有限公司,64,False
鲈鱼(海水),AM02005,2026-10-03,山东滨州(六街）鲁北蔬菜批发市场,32,False
鲈鱼(海水),AM02005,2026-10-03,山东威海水产品批发市场,46,False
鲈鱼(海水),AM02005,2026-10-03,江苏苏州南环桥农副产品批发市场,23.5,True
鲈鱼(海水),AM02005,2026-10-03,河南万邦国际农产品物流股份有限公司,27,False
活鳜鱼,AM01013003,2026-10-05,江西九江琵琶湖农产品物流有限公司,62,False
淡水鲈鱼,AM01009,2026-10-05,长治市紫坊农产品综合交易市场有限公司,29,False
淡水鲈鱼,AM01009,2026-10-05,云南华潮实业有限公司,35,False
鲈鱼(海水),AM02005,2026-10-05,龙门实业（集团）有限公司西三街农副水产品市场,40,False
鲈鱼(海水),AM02005,2026-10-05,青岛市城阳蔬菜水产品批发市场有限公司,50,False
鲈鱼(海水),AM02005,2026-10-05,山东滨州(六街）鲁北蔬菜批发市场,32,False
鲈鱼(海水),AM02005,2026-10-05,山东威海水产品批发市场,46,False
鲈鱼(海水),AM02005,2026-10-05,安徽合肥周谷堆农产品批发市场,30,True
鲈鱼(海水),AM02005,2026-10-05,江苏苏州南环桥农副产品批发市场,23,True
鲈鱼(海水),AM02005,2026-10-05,河南万邦国际农产品物流股份有限公司,27,False
淡水鲈鱼,AM01009,2026-10-06,长治市紫坊农产品综合交易市场有限公司,29,False
鲈鱼(海水),AM02005,2026-10-06,龙门实业（集团）有限公司西三街农副水产品市场,40,False
鲈鱼(海水),AM02005,2026-10-06,青岛市城阳蔬菜水产品批发市场有限公司,50,False
鲈鱼(海水),AM02005,2026-10-06,山东威海水产品批发市场,46,False
鲈鱼(海水),AM02005,2026-10-06,江苏苏州南环桥农副产品批发市场,23,True
鲈鱼(海水),AM02005,2026-10-06,河南万邦国际农产品物流股份有限公司,27,False
淡水鲈鱼,AM01009,2026-10-07,长治市紫坊农产品综合交易市场有限公司,29,False
淡水鲈鱼,AM01009,2026-10-07,云南华潮实业有限公司,35,False
鲈鱼(海水),AM02005,2026-10-07,龙门实业（集团）有限公司西三街农副水产品市场,40,False
鲈鱼(海水),AM02005,2026-10-07,青岛市城阳蔬菜水产品批发市场有限公司,50,False
鲈鱼(海水),AM02005,2026-10-07,山东威海水产品批发市场,46,False
鲈鱼(海水),AM02005,2026-10-07,江苏苏州南环桥农副产品批发市场,23,True
鲈鱼(海水),AM02005,2026-10-07,河南万邦国际农产品物流股份有限公司,27,False
活鳜鱼,AM01013003,2026-10-08,江西九江琵琶湖农产品物流有限公司,60,False
淡水鲈鱼,AM01009,2026-10-08,长治市紫坊农产品综合交易市场有限公司,29,False
淡水鲈鱼,AM01009,2026-10-08,马鞍山市安民农副产品贸易有限公司,22,True
鲈鱼(海水),AM02005,2026-10-08,龙门实业（集团）有限公司西三街农副水产品市场,40,False
鲈鱼(海水),AM02005,2026-10-08,青岛市城阳蔬菜水产品批发市场有限公司,50,False
鲈鱼(海水),AM02005,2026-10-08,山东滨州(六街）鲁北蔬菜批发市场,32,False
鲈鱼(海水),AM02005,2026-10-08,山东威海水产品批发市场,46,False
鲈鱼(海水),AM02005,2026-10-08,江苏苏州南环桥农副产品批发市场,23,True
鲈鱼(海水),AM02005,2026-10-08,河南万邦国际农产品物流股份有限公司,27,False
活鳜鱼,AM01013003,2026-10-09,江苏凌家塘市场发展有限公司,71,True
活鳜鱼,AM01013003,2026-10-09,江苏凌家塘市场发展有限公司,71,True
活鳜鱼,AM01013003,2026-10-09,江西九江琵琶湖农产品物流有限公司,60,False
活鳜鱼,AM01013003,2026-10-09,乌鲁木齐北园春果业经营管理有限责任公司,145,False
淡水鲈鱼,AM01009,2026-10-09,长治市紫坊农产品综合交易市场有限公司,29,False
淡水鲈鱼,AM01009,2026-10-09,马鞍山市安民农副产品贸易有限公司,22,True
淡水鲈鱼,AM01009,2026-10-09,云南华潮实业有限公司,33,False
鲈鱼(海水),AM02005,2026-10-09,龙门实业（集团）有限公司西三街农副水产品市场,40,False
鲈鱼(海水),AM02005,2026-10-09,北京朝阳区大洋路综合市场,32,False
鲈鱼(海水),AM02005,2026-10-09,青岛市城阳蔬菜水产品批发市场有限公司,50,False
鲈鱼(海水),AM02005,2026-10-09,山东滨州(六街）鲁北蔬菜批发市场,32,False
鲈鱼(海水),AM02005,2026-10-09,山东威海水产品批发市场,46,False
鲈鱼(海水),AM02005,2026-10-09,安徽合肥周谷堆农产品批发市场,21.5,True
鲈鱼(海水),AM02005,2026-10-09,江苏凌家塘市场发展有限公司,28,True
鲈鱼(海水),AM02005,2026-10-09,江苏凌家塘市场发展有限公司,28,True
鲈鱼(海水),AM02005,2026-10-09,江苏苏州南环桥农副产品批发市场,23,True
鲈鱼(海水),AM02005,2026-10-09,河南万邦国际农产品物流股份有限公司,27,False
淡水鲈鱼,AM01009,2026-10-10,长治市紫坊农产品综合交易市场有限公司,29,False
淡水鲈鱼,AM01009,2026-10-10,马鞍山市安民农副产品贸易有限公司,22,True
淡水鲈鱼,AM01009,2026-10-10,云南华潮实业有限公司,33,False
鲈鱼(海水),AM02005,2026-10-10,龙门实业（集团）有限公司西三街农副水产品市场,40,False
鲈鱼(海水),AM02005,2026-10-10,北京朝阳区大洋路综合市场,32,False
鲈鱼(海水),AM02005,2026-10-10,青岛市城阳蔬菜水产品批发市场有限公司,50,False
鲈鱼(海水),AM02005,2026-10-10,山东滨州(六街）鲁北蔬菜批发市场,32,False
鲈鱼(海水),AM02005,2026-10-10,山东威海水产品批发市场,46,False
鲈鱼(海水),AM02005,2026-10-10,江苏苏州南环桥农副产品批发市场,23,True
鲈鱼(海水),AM02005,2026-10-10,河南万邦国际农产品物流股份有限公司,27,False
